song_id,mood_vec
6F5m3N7wZhKWQjhuaWoivp,[0.01060532 0.3735297  0.37593973 0.23992525]
7qsJFNBAiQ8xWUbclLQcTw,[0.02639147 0.22294432 0.2611244  0.48953986]
0mXIO3r07e8K993f7GKl3P,[0.01320171 0.35419908 0.37649158 0.25610766]
5j9UHXux8JYPpmapZgOIBw,[0.00926168 0.371117   0.37072173 0.24889964]
2GHFQXttESXI5H4Yb8lO8f,[0.17162621 0.09684722 0.14100492 0.59052163]
66dGtz6S6nHbdtVoArmMAB,[0.06401799 0.02189667 0.04458269 0.86950266]
1jPbpMLHN7xQDwR5L6J8r7,[0.03983399 0.15260854 0.22380055 0.5837569 ]
7LU8QAGkouPpEEVwApuToj,[0.05689331 0.02712519 0.05221609 0.8637654 ]
2ER2O3xaUfZzYeqd8bYnQg,[0.02827472 0.27259836 0.31580886 0.383318  ]
1DPM79i5IGe7dxImolNby4,[0.02759978 0.10680872 0.15534963 0.7102419 ]
7Lu0d2nLlbtlXQdVYPG5Pp,[0.04461374 0.03642282 0.0637269  0.85523653]
1zcDxmjmae4FApg2HHIjOe,[0.0484124  0.03983238 0.07102746 0.8407278 ]
0CgiwDmWBRlmD4wYXBsQ5I,[0.04331237 0.07394698 0.11423054 0.76851016]
13HgIaUYGnOp4Yyuxw5t3j,[0.01773573 0.24861747 0.29659584 0.437051  ]
0MZwXKlxyWqQT5LFUTB2LI,[0.0304902  0.19674167 0.25375846 0.5190096 ]
2wNFcjnEd4tpxt3AdhbIkg,[0.05196265 0.02078274 0.0412484  0.8860062 ]
2kQvUPrknVmlKZrkJpi5g1,[0.0234414  0.2704736  0.3151829  0.39090204]
1Avfnh3rkyiAnOaMTiqi5m,[0.03011425 0.25352854 0.3043009  0.41205624]
6U9JPKqcYs3Q6EbTjVYUxi,[0.02764176 0.17659889 0.22495529 0.5708041 ]
0YFNNYpyTRQ2llkk6rjTfX,[0.00469459 0.46893638 0.4100537  0.11631534]
4xXgTGPTNPfdIFoUO6s5ZF,[0.00701054 0.44489956 0.4211111  0.12697878]
2n0VEwfLV1j3SogGsz5EgV,[0.02157311 0.2404689  0.2910203  0.44693768]
5PZ83DRp4OoSM3OV9qpPJ2,[0.03136599 0.12921505 0.182773   0.65664595]
1yX4fjnwAAuggxCSBtLO9z,[0.01952546 0.23643592 0.27262467 0.47141397]
3BVk24dCRxzRzc5HVfkjpQ,[0.01714216 0.3253071  0.34820315 0.30934754]
6OYgcWnxwo42p4Bd3JhZUj,[0.0337754  0.07895377 0.11797089 0.7693    ]
1AP8LTcp2bdfzKErYRSR6R,[0.0067235  0.4475599  0.41914293 0.1265736 ]
4enYCfNJP6ZaUnaEXmLFiP,[0.01587416 0.3099195  0.33875018 0.3354561 ]
1kDCnfqMVhc8lccmYwtkPS,[0.03125814 0.08114214 0.11920166 0.768398  ]
45bZgiBPs6AZFHOyHcx68w,[0.02639147 0.22294432 0.2611244  0.48953986]
3Za6UkZyHFmZAtWao5AdXd,[0.00332946 0.50219804 0.40716133 0.08731115]
7920PagyvSAe0usbNRIGGZ,[0.00359718 0.56018054 0.35469082 0.08153145]
7sNslEGxEDu8XQLHouNbOs,[0.01321446 0.36592925 0.39528498 0.22557127]
70NgrRMeHEjJ3bySbMGiRX,[0.01654593 0.29775336 0.34332633 0.34237444]
5Yx6wQ2uR3BvoyG9kPSRd2,[0.12280266 0.01624219 0.03304113 0.82791406]
78dgPOTXplwqdjfweKq8TN,[0.05846234 0.01739608 0.03623633 0.88790524]
6ufFYmALznOKHQB5vE4woI,[0.00604861 0.4669333  0.40713733 0.11988085]
01QQFfjAudUEivZLYEXCjA,[0.05599505 0.07995316 0.12875234 0.73529947]
2ajaKreVbJ52moRUkCDEez,[0.02113667 0.19610678 0.20028812 0.58246845]
6aXg0fGnWnrX2k5igfn1cK,[0.02135823 0.24015129 0.28779256 0.45069793]
7o1eP1C7O5IkoGv2SCsTJN,[0.00846831 0.37884018 0.37905806 0.2336335 ]
1VeUjSM7W0bUIQ5gAVvG5L,[0.05038061 0.07302318 0.12347705 0.7531191 ]
3QPse9Lc7VsQS4LwNz0dma,[0.01193027 0.38232514 0.3576388  0.24810584]
4fQoAbfLUtDOJoE4pHDKie,[0.03558442 0.18036555 0.21819869 0.5658514 ]
617PmmsrRatBBPRfWJI7lM,[0.01273121 0.35288134 0.36295077 0.27143666]
0lMYWkAWnCuyA14k9pdeHU,[0.00396004 0.4922774  0.41579425 0.08796834]
2MufOpZkFqF7m9yETfs220,[0.03606244 0.15063727 0.17156258 0.6417377 ]
7LIrFeC8cZxkHrUiUBjGZ5,[0.01365308 0.3586473  0.3876866  0.240013  ]
0R5R8JqmYo0XhsV1nF9i6h,[0.01587579 0.30761242 0.34994966 0.32656223]
0zgSPmtZpN518NdzF5ObTM,[0.01649547 0.30075246 0.3188351  0.36391696]
1QP8gp1xtid9iE9L7SzB8e,[0.05169797 0.09381668 0.14386544 0.7106199 ]
1q0lT1Zu03PdZnfjSKagD5,[0.04750731 0.08633599 0.13521448 0.73094225]
7JW5LJ0yjb50DO92kJrhbR,[0.04411268 0.12003653 0.18334578 0.65250504]
0oidkmZHXDa0LadRRG2Z63,[0.0368776  0.15702784 0.2049568  0.6011378 ]
1YUBNbUWBJkAQyGNCKE9pG,[0.01188234 0.35882986 0.3689119  0.26037592]
1lzNPPwiIh6bYsuBDfL7oQ,[0.00727818 0.4279835  0.378733   0.1860054 ]
5RmLHDeEvVmtvM5CcugoSn,[0.04790547 0.04505349 0.07964606 0.827395  ]
1leyU3n2TVfXUvpXvCoFVk,[0.0241273  0.2073652  0.25374284 0.5147646 ]
4hqk5R0TgIuG83tts2pKDT,[0.04655576 0.08285524 0.13106523 0.73952377]
4P5wM954RCyz1f4FzbhOoA,[0.00589757 0.4638513  0.3963191  0.13393201]
64fMmBRVjAC9S5lyPxuBv4,[0.06233363 0.02855757 0.05337663 0.85573226]
6vS4I6fMtZut6W5J3JvH9t,[0.00263623 0.5374283  0.39992738 0.06000803]
4yMgxEaEzookys38XBmaQD,[0.04331237 0.07394698 0.11423054 0.76851016]
209oNUMkjM1vgkOx8GKdM6,[0.05504441 0.03604165 0.06541897 0.84349495]
43G3wig28hJ8pUqGvs8hbw,[0.05730489 0.02530392 0.05273752 0.8646537 ]
6yU7x51QVUTIuY1Fdl3kTn,[0.02045038 0.24217781 0.2890018  0.44836998]
6lLGPqHxq4Q01sCsI2EYrD,[0.00480055 0.4935178  0.40796706 0.09371459]
4he9XbxAhMX5iWxbMvCnMb,[0.00930929 0.421455   0.4047176  0.16451809]
0GPWhnbbvLKa0U5QyKMkJi,[0.02389174 0.18022624 0.23165452 0.56422746]
3Nw4irUJd9aCRHfFvI3HIf,[0.06401799 0.02189667 0.04458269 0.86950266]
04C2l0GMFK3o7xuVtknHk2,[0.04936814 0.05921034 0.09731404 0.7941075 ]
0xu3PasKYiRNedJOnRBkJA,[0.0324529  0.19978988 0.25941065 0.5083466 ]
7suO6u1sJuNnkLpBTWmYjX,[0.05236703 0.0232769  0.04658703 0.87776905]
52n4gF126eIllrGuc9Zus6,[0.03418226 0.16652559 0.23231626 0.5669759 ]
2xwlLI2RXW7rXnXHViyOw8,[0.01562811 0.26489463 0.3039047  0.41557255]
1AOcIf0bRuRexMGAUuTu0C,[0.05052519 0.04035883 0.06874815 0.8403679 ]
4IPx3SyA15DypSEH12PwCL,[0.00302346 0.52268606 0.4061153  0.06817521]
5YsTSCWNs7mTLa1x93FTcf,[0.00465313 0.4917315  0.4157331  0.08788224]
2uHCF85HiEltGbcL4XqTR1,[0.00640194 0.43615606 0.39726228 0.16017969]
0oaCbJjqoChQBapyM0ABYA,[0.06041692 0.01427108 0.0305642  0.8947478 ]
7n6emXIcaECmkljP1rPlvQ,[0.03908584 0.18672137 0.2605793  0.51361346]
3rKq9QQzb28Klhwh1LK9nn,[0.01749627 0.29276666 0.32147795 0.3682591 ]
22okrfIxCwkdvI0wal1BcK,[0.00894061 0.4836091  0.3838996  0.12355069]
4gIW49kCI1abplUzjfz1Ps,[0.03203944 0.0435999  0.07150092 0.8528598 ]
3Jt7em6zN87x5n0nYlwPio,[0.05454095 0.06446169 0.10984638 0.77115107]
1ScE2glBnk53r1fosELW2D,[0.04990606 0.0346342  0.0622304  0.8532293 ]
36sOEWkajARXemnhgb0VVk,[0.05176799 0.01187194 0.0258028  0.91055727]
2sxdA9mQfhugo9FNNSxBhX,[0.15723164 0.03975672 0.06568247 0.7373292 ]
3dfqdzX7o5m3Kvqqhau01P,[0.06007814 0.00440523 0.01159832 0.9239183 ]
2OJS0hRtiTOh51SEDJWLlm,[0.03323101 0.10985942 0.1566777  0.7002319 ]
0cpYnfCRDMu7ky7SGydrJ2,[0.02921567 0.19427276 0.24285917 0.53365237]
1KmujYKPsLB445VrBd3yMV,[0.0067235  0.4475599  0.41914293 0.1265736 ]
12zsvaS3w11baRXbEVn7DR,[0.05632318 0.02234536 0.04363982 0.8776916 ]
7o6UDPFWtYrjUZnRvi1dvO,[0.02125504 0.26625848 0.33416376 0.37832272]
0E09CRPNfH3XyWqDBd1d6k,[0.01714216 0.3253071  0.34820315 0.30934754]
0K0jZXsgyVQbKG998xXuvN,[0.02307138 0.2400378  0.30061877 0.43627208]
3CPCpdAVr6vLVZpZxbPhHM,[0.03851805 0.09532475 0.14247045 0.72368675]
3tsXhj5i9tXNcLPKTY1bfJ,[0.0207885  0.12340393 0.15985514 0.6959524 ]
7xx2vpnYPnnMaS38W25bkJ,[0.01325328 0.36741197 0.37821877 0.24111602]
5qgRpu5U5pqXyuKGvX2t2o,[0.03361391 0.18009719 0.22734666 0.5589422 ]
2WBNUsV0WH7Cmjr71viWfC,[0.00754005 0.4347374  0.41210693 0.14561553]
0I6rh1Fz1zmJZARsxyo7v6,[0.03323101 0.10985942 0.1566777  0.7002319 ]
4JWVDtxIcOC5jEPT2DgshB,[0.05641505 0.0785394  0.12915179 0.7358938 ]
3RY8eLO0P0eiQawOR7iGVH,[0.05730489 0.02530392 0.05273752 0.8646537 ]
60nT1MUb6TR8bEWZjH4IFG,[0.01654593 0.29775336 0.34332633 0.34237444]
6NtXQaz0B7cZ0l7pqwga1q,[0.06912807 0.04928162 0.092437   0.7891533 ]
44a0iyAfqhRnL5IV0oMPEx,[0.0170876  0.28045872 0.31188253 0.39057118]
1lvwJmZcuWE9rlNTSxQHZ4,[0.00277416 0.50715417 0.40783364 0.08223804]
4FegVARMOcCxc3TULHunKN,[0.00494619 0.48557073 0.40926793 0.10021513]
64ytSB0mJV5vhcZA3yS54Q,[0.00754768 0.43497425 0.41257566 0.14490238]
4BK0g4lnXyeYYlYgosqYtQ,[0.07477292 0.01853465 0.03918251 0.8675099 ]
1JgmF52J9JWm0NsIJlHKiK,[0.00781224 0.42832723 0.41882446 0.14503607]
7G5DX8U0A1MpNTbaET7uvA,[0.00603331 0.4712008  0.42053562 0.10223021]
1HH4IitAuYbMnZ4PYb2O5I,[0.02894138 0.22012083 0.2659865  0.4849513 ]
6EoJpQBfDfZPM7OqxfAJf1,[0.00441315 0.47695923 0.42057067 0.09805697]
7a5eaCNSzbp2oKIx7C8Ugj,[0.02619316 0.20390634 0.25791305 0.51198745]
5DvJdKwC5rOAHK1uLEgY8x,[0.00728985 0.4232934  0.39338362 0.17603311]
0P0ePnARwPXc30hF95Q5gA,[0.03027722 0.16389044 0.21007952 0.5957528 ]
4NOLy38SijNwkBnrgqZtQ1,[0.00404513 0.48759586 0.39908612 0.1092729 ]
73p7hWDxEwq86Oo45kdMww,[0.00593905 0.4777162  0.41551104 0.10083368]
1miFtZ1QgGhVpVxbL76Y9g,[0.02151493 0.24556215 0.2950836  0.4378392 ]
6NMXueYXvUAKmDYISUehwy,[0.01311449 0.37369138 0.38862157 0.22457266]
5dlEgrCOjy9FTcQM1vrrh5,[0.03125814 0.08114214 0.11920166 0.768398  ]
1WWEQHnT0iuQGQrbqsFddk,[0.0463555  0.02952777 0.05431002 0.8698067 ]
2eq2T5nu5NBvHYKzDatmt3,[0.00326579 0.5135741  0.40017474 0.08298533]
0KuDlu7zsdvVEPkXQkeq5v,[0.05663484 0.05352147 0.09389956 0.79594415]
5RuB1T9EofYspUdfbB7HBA,[0.02574619 0.23843186 0.3055991  0.4302229 ]
77k6W05ZwUQ8cp0CeK0iN6,[0.00607025 0.4664898  0.42163745 0.10580251]
2KqM9gfLfkfGCMQQynqvKs,[0.03619986 0.17731155 0.21215494 0.57433367]
7c6YTXxogM01N8TjLhsPDI,[0.04488371 0.21147047 0.22536205 0.5182837 ]
4jurtysyzLBMr64w1uYIau,[0.05277212 0.04786617 0.08586496 0.81349677]
1BKnTTe1uMleZdK5LndnLz,[0.01208527 0.36744702 0.37405953 0.24640824]
7GQJGbQXG0V6O2p1QBhkhx,[0.01141944 0.40731257 0.41725433 0.1640136 ]
2PvGi4tONGDXL3gXzTJsky,[0.01060209 0.41834113 0.38509765 0.18595909]
3eJnhgk6eFMi4wFhDVCQJq,[0.01094407 0.41226658 0.41593307 0.16085628]
4vOGYiYo081DQNC1pnBAfb,[0.02254824 0.21703427 0.28024414 0.48017335]
5Y8jKxFMZ47zLH0mdLvp14,[0.0204112  0.286528   0.3370017  0.35605907]
15UmT9W65ccmBbdjFRRqmE,[0.00349556 0.48224127 0.41269663 0.1015666 ]
4GMyivz5Y7Wg4DVnpDTl7N,[0.00917239 0.39215675 0.3718078  0.22686295]
7sRusx8JMLLhuhUdXCW3u7,[0.04359398 0.03786641 0.06724665 0.851293  ]
1RuFhxkBx69mg2eCYeXo25,[0.00800636 0.44679794 0.40926462 0.13593115]
1zPGlyhsebE5H1zBl4LHgS,[0.00558541 0.4768152  0.41258943 0.10500994]
1QxjdVgVrqRRuPM4T0dgWx,[0.01886124 0.30853042 0.35356295 0.31904542]
2I1HzYbOb3gnybtJ6Ez7P4,[0.02157772 0.24725586 0.29720244 0.43396392]
0mpoPROZbsIEGp8dkb1q5J,[0.01715238 0.27992022 0.27538687 0.42754054]
3sUnbpyTPZcHYOjyv9IobO,[0.00947151 0.36546728 0.38667285 0.23838834]
4EOE9xvZRFIlx7UUoUr0AX,[0.00680368 0.4360433  0.42412487 0.13302812]
5WESvrjEQaqqBBHCbJSJ9a,[0.01102295 0.39146253 0.39569828 0.20181623]
0Ru0h7OB9oOFhy0Eq0Fr4Q,[0.01948261 0.25595817 0.33096373 0.3935955 ]
7nnSrs2qLmo24RWU2HJifX,[0.00412259 0.48111314 0.41489977 0.09986454]
0rMVZRlWSHdv4QS6Y0kFiB,[0.01985714 0.30861768 0.36667073 0.3048544 ]
3veP41hqImUDYUhBbnZG90,[0.01126605 0.4095759  0.39526019 0.1838979 ]
6wUq2YM9Bb2pQKm4bC3UC7,[0.10466874 0.10006012 0.16655615 0.628715  ]
0blwSrp07kitZV4bnLEBvi,[0.00307322 0.52699405 0.40418884 0.06574392]
5VisjHZA1nYyQAjq6lWn0f,[0.00303541 0.5523515  0.39199397 0.0526192 ]
66SKevN095TOsPzhjalnbP,[0.00312368 0.5068511  0.39874282 0.09128239]
6G9nY0aJNcQ8BHJjgRCgZ5,[0.0023586  0.5283992  0.40443736 0.06480485]
7xACNRZiNLzj2gyfFVZrI3,[0.00185764 0.5737135  0.3816312  0.04279773]
78D6iJVwFzJkdOpprTRE7o,[0.00271724 0.52546155 0.40341142 0.06840979]
1VoJNkpJBVeUVz6whfVRvj,[0.06556921 0.01013552 0.02415236 0.9001429 ]
2b4Lbf3wVRNnI9INKwIS1d,[0.02526155 0.18657278 0.24766745 0.5404983 ]
2eZ8hAr63IdY4g0SjXX1Vo,[0.00119198 0.59365064 0.36939782 0.03575947]
7vlw3ezpsoXCBONhNXLOcV,[0.01542917 0.26760912 0.30232126 0.4146405 ]
0Uzo0ph3V26wZOCvqnGnU8,[0.00600497 0.4762852  0.41440558 0.10330425]
1FlJ1krG1n27b5AG8ZfGxf,[0.00973499 0.3955636  0.3904023  0.2042992 ]
4L1Oe0qjyj9UVgcTqw5Ai1,[0.05140321 0.06162171 0.10374752 0.7832276 ]
2A9yj46qweEVrsvnvntEa5,[0.00799667 0.4305868  0.41038233 0.15103422]
4JmmjsGmOED0sn0Le3r84u,[0.01303644 0.27885914 0.3116386  0.39646578]
3ocBsaz2wiPvc4UZ2iZwoK,[0.02423217 0.1732418  0.22755937 0.5749667 ]
56j1uhqQIRqAebtzc8Nd2X,[0.00852638 0.331534   0.3379843  0.32195526]
2AZV2RxTJTTlCIbo0NUj4q,[0.00661104 0.42550296 0.40653625 0.1613497 ]
5th2HgJ4B4Qrkxs5gdAVph,[0.01380977 0.36924955 0.37897208 0.2379686 ]
2NC1Tr6Y6fQCbqlO7d7Smy,[0.05181617 0.05150547 0.0861242  0.81055415]
6E0xd4DOYYIJFMhEDNt8ap,[0.03207047 0.16804972 0.23176765 0.5681122 ]
7BmJu70l6sifbmnlMe3Xzk,[0.00653731 0.44756258 0.4047353  0.14116484]
4SwIoBOhWYnvHdDT1meXtU,[0.03321555 0.14168301 0.19761592 0.6274855 ]
7DkaE4o28lPoQJhTQfGSHY,[0.02633926 0.22426869 0.29422897 0.45516312]
1EzX7o3hRAo2lLCIRiwxPV,[0.02909678 0.2203698  0.27886587 0.47166753]
33vZjjOsRDx8IUU9vScaQZ,[0.02652005 0.15905905 0.22411855 0.59030235]
201btQ2Q0QqOqKuIHy2LWv,[0.007545   0.43304053 0.40729195 0.15212251]
7nNGBoWdoBhhpTNrCpsqRJ,[0.04843262 0.01862676 0.03846197 0.89447856]
0TtBxvuJg9jjO1q5e898cS,[0.1611646  0.01541267 0.03792782 0.7854949 ]
1pnmasvxNw9NHsRjZHrE4t,[0.05769747 0.0067438  0.0163231  0.91923565]
6DmmH8JIYRW5yvEB5BDmmd,[0.04410685 0.06137188 0.10148965 0.7930316 ]
3iUQdM8C1mFadBfRxO9Lg9,[0.02862449 0.24927865 0.29328912 0.42880765]
4oUdKVvn9QpGfYOHfErtLz,[0.03805879 0.08209252 0.12594192 0.7539068 ]
2UTkrmMCsDZmIWk4OUhWjW,[0.01467888 0.3663722  0.38081154 0.23813741]
64iK1QSmwsRfwOWI0sKPRP,[0.00581666 0.47319043 0.41008008 0.11091292]
3pQyEDHwgxiK3z0j2jIZKW,[0.02484283 0.19995625 0.2526722  0.5225287 ]
57sAhrN90APL8WXBihfXwg,[0.00152908 0.56962323 0.38447094 0.04437673]
38QBnXuyQ0uuwZER7IF1tI,[0.0126974  0.36955538 0.38220876 0.23553838]
